<toolSet name="External Tools">
  <tool name="Ant Debug" showInMainMenu="false" showInEditor="false" showInProject="false" showInSearchPopup="false" disabled="false" useConsole="true" showConsoleOnStdOut="false" showConsoleOnStdErr="false" synchronizeAfterRun="true">
    <exec>
      <option name="COMMAND" value="&quot;D:\Apache-ant-1.9.6\bin\ant.bat&quot;" />
      <option name="PARAMETERS" value="-f $FileDir$/build.xml debug" />
      <option name="WORKING_DIRECTORY" value="$FileDir$" />
    </exec>
  </tool>
  <tool name="Ant Release" showInMainMenu="false" showInEditor="false" showInProject="false" showInSearchPopup="false" disabled="false" useConsole="true" showConsoleOnStdOut="false" showConsoleOnStdErr="false" synchronizeAfterRun="true">
    <exec>
      <option name="COMMAND" value="&quot;D:\Apache-ant-1.9.6\bin\ant.bat&quot;" />
      <option name="PARAMETERS" value="-f $FileDir$/build.xml release" />
      <option name="WORKING_DIRECTORY" value="$FileDir$" />
    </exec>
  </tool>
  <tool name="Build C++ Header" showInMainMenu="false" showInEditor="false" showInProject="false" showInSearchPopup="false" disabled="false" useConsole="true" showConsoleOnStdOut="false" showConsoleOnStdErr="false" synchronizeAfterRun="true">
    <exec>
      <option name="COMMAND" value="$JDKPath$\bin\javah" />
      <option name="PARAMETERS" value="-v -jni -d $ProjectFileDir$ $FileClass$" />
      <option name="WORKING_DIRECTORY" value="$SourcepathEntry$" />
    </exec>
  </tool>
  <tool name="Show Class Bytecode" showInMainMenu="false" showInEditor="false" showInProject="false" showInSearchPopup="false" disabled="false" useConsole="true" showConsoleOnStdOut="false" showConsoleOnStdErr="false" synchronizeAfterRun="true">
    <exec>
      <option name="COMMAND" value="$JDKPath$\bin\javap" />
      <option name="PARAMETERS" value="-p -s -c $FileClass$" />
      <option name="WORKING_DIRECTORY" value="$OutputPath$" />
    </exec>
  </tool>
  <tool name="Show Class Signature" showInMainMenu="false" showInEditor="false" showInProject="false" showInSearchPopup="false" disabled="false" useConsole="true" showConsoleOnStdOut="false" showConsoleOnStdErr="false" synchronizeAfterRun="true">
    <exec>
      <option name="COMMAND" value="$JDKPath$\bin\javap" />
      <option name="PARAMETERS" value="-p -s $FileClass$" />
      <option name="WORKING_DIRECTORY" value="$OutputPath$" />
    </exec>
  </tool>
</toolSet>