<application>
  <component name="libraryTable">
    <library name="android-sdk-internal">
      <CLASSES>
        <root url="jar://E:/Include/android/internal/android-sdk-internal.jar!/" />
        <root url="jar://E:/Include/android/recyclerview/recyclerview-v7.jar!/" />
        <root url="jar://E:/Include/android/zxing/zxing.jar!/" />
      </CLASSES>
      <JAVADOC />
      <SOURCES>
        <root url="jar://E:/Include/android/recyclerview/recyclerview-v7.jar!/" />
        <root url="jar://E:/Include/android/zxing/zxing.jar!/" />
      </SOURCES>
    </library>
  </component>
</application>