<application>
  <component name="IntentionManagerSettings">
    <ignoreAction name="Java/Annotations/Add Annotation" />
    <ignoreAction name="Java/Comments/Replace with End Of Line Comment" />
    <ignoreAction name="Java/Declaration/Generate missed test methods" />
    <ignoreAction name="Java/Refactorings/Introduce local variable" />
    <ignoreAction name="Java/Declaration/Generate overloaded method with default parameter values" />
    <ignoreAction name="Java/Numbers/Convert to Binary" />
    <ignoreAction name="Java/Concurrency/Convert to ThreadLocal" />
    <ignoreAction name="Java/Imports/Add Single-Member Static Import" />
    <ignoreAction name="Java/Declaration/Split Declaration" />
    <ignoreAction name="Java/Modifiers/Change access modifier" />
  </component>
</application>