<application>
  <component name="NotificationConfiguration">
    <notification groupId="Android XML code style notification" displayType="NONE" shouldLog="false" />
    <notification groupId="Build sync orphan modules" displayType="NONE" shouldLog="false" />
    <notification groupId="Gradle Notification Group" displayType="NONE" shouldLog="false" />
    <notification groupId="JDK Location different to JAVA_HOME" displayType="NONE" shouldLog="false" />
    <notification groupId="Vcs Important Messages" displayType="NONE" shouldLog="false" />
    <notification groupId="Vcs Messages" displayType="NONE" shouldLog="false" />
    <notification groupId="Vcs Notifications" displayType="NONE" shouldLog="false" />
    <notification groupId="Vcs Silent Notifications" displayType="NONE" shouldLog="false" />
  </component>
</application>