<keymap version="1" name="Eclipse copy" parent="Eclipse">
  <action id="GotoNextBookmark">
    <keyboard-shortcut first-keystroke="alt n" />
  </action>
  <action id="GotoPreviousBookmark">
    <keyboard-shortcut first-keystroke="alt p" />
  </action>
  <action id="UpdateRunningApplication" />
  <action id="android.deploy.ApplyChanges">
    <keyboard-shortcut first-keystroke="ctrl f10" />
  </action>
  <action id="android.deploy.CodeSwap">
    <keyboard-shortcut first-keystroke="ctrl alt f10" />
  </action>
</keymap>